kategori,mevzuat_ad?,tarih,son_degisim_tarihi,son_degisim_yontemi,resmi_link,kaynak_url
Kurum Yönetmeliği,,28/04/2015,-,Bulunamad?,https://kms.kaysis.gov.tr/Home/Goster/44467,https://detsis.gov.tr/birim/35955870/35955870/2026-05-20
Kurum Yönetmeliği,,28/09/2016,-,Bulunamad?,https://kms.kaysis.gov.tr/Home/Goster/75857,https://detsis.gov.tr/birim/35955870/35955870/2026-05-20
Kurum Yönetmeliği,,13/03/2014,-,Bulunamad?,https://kms.kaysis.gov.tr/Home/Goster/43265,https://detsis.gov.tr/birim/35955870/35955870/2026-05-20
Kurum Yönetmeliği,,13/04/2022,-,Bulunamad?,https://kms.kaysis.gov.tr/Home/Goster/187671,https://detsis.gov.tr/birim/35955870/35955870/2026-05-20
Kurum Yönetmeliği,,25/02/2001,-,Bulunamad?,https://kms.kaysis.gov.tr/Home/Goster/35814,https://detsis.gov.tr/birim/35955870/35955870/2026-05-20
Kurum Yönetmeliği,,15/06/1997,-,Bulunamad?,https://kms.kaysis.gov.tr/Home/Goster/35813,https://detsis.gov.tr/birim/35955870/35955870/2026-05-20
Kurum Yönetmeliği,,15/08/2020,-,Bulunamad?,https://kms.kaysis.gov.tr/Home/Goster/166975,https://detsis.gov.tr/birim/35955870/35955870/2026-05-20
Kurum Yönetmeliği,,16/09/2008,-,Bulunamad?,https://kms.kaysis.gov.tr/Home/Goster/38618,https://detsis.gov.tr/birim/35955870/35955870/2026-05-20
Kurum Yönetmeliği,,28/02/2005,-,Bulunamad?,https://kms.kaysis.gov.tr/Home/Goster/36425,https://detsis.gov.tr/birim/35955870/35955870/2026-05-20
Kurum Yönetmeliği,,24/11/2014,-,Bulunamad?,https://kms.kaysis.gov.tr/Home/Goster/43990,https://detsis.gov.tr/birim/35955870/35955870/2026-05-20
Kurum Yönetmeliği,,15/11/2015,-,Bulunamad?,https://kms.kaysis.gov.tr/Home/Goster/62505,https://detsis.gov.tr/birim/35955870/35955870/2026-05-20
Kurum Yönetmeliği,,07/01/2019,-,Bulunamad?,https://kms.kaysis.gov.tr/Home/Goster/148799,https://detsis.gov.tr/birim/35955870/35955870/2026-05-20
Kurum Yönetmeliği,,11/04/2021,-,Bulunamad?,https://kms.kaysis.gov.tr/Home/Goster/175773,https://detsis.gov.tr/birim/35955870/35955870/2026-05-20
Kurum Yönetmeliği,,11/02/1999,-,Bulunamad?,https://kms.kaysis.gov.tr/Home/Goster/35815,https://detsis.gov.tr/birim/35955870/35955870/2026-05-20
Kurum Yönetmeliği,,02/03/2015,-,Bulunamad?,https://kms.kaysis.gov.tr/Home/Goster/44315,https://detsis.gov.tr/birim/35955870/35955870/2026-05-20
Kurum Yönetmeliği,,17/02/2015,-,Bulunamad?,https://kms.kaysis.gov.tr/Home/Goster/44288,https://detsis.gov.tr/birim/35955870/35955870/2026-05-20
Kurum Yönetmeliği,,26/04/2021,-,Bulunamad?,https://kms.kaysis.gov.tr/Home/Goster/176966,https://detsis.gov.tr/birim/35955870/35955870/2026-05-20
Kurum Yönetmeliği,,29/04/2019,-,Bulunamad?,https://kms.kaysis.gov.tr/Home/Goster/151105,https://detsis.gov.tr/birim/35955870/35955870/2026-05-20
Kurum Yönetmeliği,,21/07/2014,-,Bulunamad?,https://kms.kaysis.gov.tr/Home/Goster/43681,https://detsis.gov.tr/birim/35955870/35955870/2026-05-20
Kurum Yönetmeliği,,27/08/2009,-,Bulunamad?,https://kms.kaysis.gov.tr/Home/Goster/39220,https://detsis.gov.tr/birim/35955870/35955870/2026-05-20
Kurum Yönetmeliği,,26/09/2013,-,Bulunamad?,https://kms.kaysis.gov.tr/Home/Goster/42756,https://detsis.gov.tr/birim/35955870/35955870/2026-05-20
Kurum Yönetmeliği,,11/11/1997,-,Bulunamad?,https://kms.kaysis.gov.tr/Home/Goster/35816,https://detsis.gov.tr/birim/35955870/35955870/2026-05-20
Kurum Yönetmeliği,,-,-,Bulunamad?,https://kms.kaysis.gov.tr/Home/Goster/71970,https://detsis.gov.tr/birim/35955870/35955870/2026-05-20
Kurum Yönetmeliği,,03/07/2016,-,Bulunamad?,https://kms.kaysis.gov.tr/Home/Goster/74940,https://detsis.gov.tr/birim/35955870/35955870/2026-05-20
Kurum Yönetmeliği,,20/09/2021,-,Bulunamad?,https://kms.kaysis.gov.tr/Home/Goster/180849,https://detsis.gov.tr/birim/35955870/35955870/2026-05-20
Kurum Yönetmeliği,,01/12/2024,-,Bulunamad?,https://kms.kaysis.gov.tr/Home/Goster/204338,https://detsis.gov.tr/birim/35955870/35955870/2026-05-20
Kurum Yönetmeliği,,07/12/2019,-,Bulunamad?,https://kms.kaysis.gov.tr/Home/Goster/157338,https://detsis.gov.tr/birim/35955870/35955870/2026-05-20
Kurum Yönetmeliği,,21/07/2014,-,Bulunamad?,https://kms.kaysis.gov.tr/Home/Goster/43682,https://detsis.gov.tr/birim/35955870/35955870/2026-05-20
Kurum Yönetmeliği,,07/12/2018,-,Bulunamad?,https://kms.kaysis.gov.tr/Home/Goster/147263,https://detsis.gov.tr/birim/35955870/35955870/2026-05-20
Kurum Yönetmeliği,,21/04/2015,-,Bulunamad?,https://kms.kaysis.gov.tr/Home/Goster/44455,https://detsis.gov.tr/birim/35955870/35955870/2026-05-20
Kurum Yönetmeliği,,25/01/2010,-,Bulunamad?,https://kms.kaysis.gov.tr/Home/Goster/39471,https://detsis.gov.tr/birim/35955870/35955870/2026-05-20
Kurum Yönetmeliği,,04/01/1996,-,Bulunamad?,https://kms.kaysis.gov.tr/Home/Goster/35818,https://detsis.gov.tr/birim/35955870/35955870/2026-05-20
Kurum Yönetmeliği,,10/06/2019,-,Bulunamad?,https://kms.kaysis.gov.tr/Home/Goster/151552,https://detsis.gov.tr/birim/35955870/35955870/2026-05-20
Kurum Yönetmeliği,,19/12/2005,-,Bulunamad?,https://kms.kaysis.gov.tr/Home/Goster/37112,https://detsis.gov.tr/birim/35955870/35955870/2026-05-20
Kurum Yönetmeliği,,26/03/1997,-,Bulunamad?,https://kms.kaysis.gov.tr/Home/Goster/35819,https://detsis.gov.tr/birim/35955870/35955870/2026-05-20
Kurum Yönetmeliği,,08/01/1994,-,Bulunamad?,https://kms.kaysis.gov.tr/Home/Goster/35820,https://detsis.gov.tr/birim/35955870/35955870/2026-05-20
Kurum Yönetmeliği,,04/01/2013,-,Bulunamad?,https://kms.kaysis.gov.tr/Home/Goster/41930,https://detsis.gov.tr/birim/35955870/35955870/2026-05-20
Kurum Yönetmeliği,,20/09/2017,-,Bulunamad?,https://kms.kaysis.gov.tr/Home/Goster/134435,https://detsis.gov.tr/birim/35955870/35955870/2026-05-20
Kurum Yönetmeliği,,05/12/2010,-,Bulunamad?,https://kms.kaysis.gov.tr/Home/Goster/39977,https://detsis.gov.tr/birim/35955870/35955870/2026-05-20
Kurum Yönetmeliği,,04/12/2017,-,Bulunamad?,https://kms.kaysis.gov.tr/Home/Goster/137793,https://detsis.gov.tr/birim/35955870/35955870/2026-05-20
Kurum Yönetmeliği,,27/10/2001,-,Bulunamad?,https://kms.kaysis.gov.tr/Home/Goster/35821,https://detsis.gov.tr/birim/35955870/35955870/2026-05-20
Kurum Yönetmeliği,,28/06/2006,-,Bulunamad?,https://kms.kaysis.gov.tr/Home/Goster/37532,https://detsis.gov.tr/birim/35955870/35955870/2026-05-20
Kurum Yönetmeliği,,06/06/2005,-,Bulunamad?,https://kms.kaysis.gov.tr/Home/Goster/36557,https://detsis.gov.tr/birim/35955870/35955870/2026-05-20
Kurum Yönetmeliği,,02/01/1997,-,Bulunamad?,https://kms.kaysis.gov.tr/Home/Goster/35825,https://detsis.gov.tr/birim/35955870/35955870/2026-05-20
Kurum Yönetmeliği,,07/07/2015,-,Bulunamad?,https://kms.kaysis.gov.tr/Home/Goster/57173,https://detsis.gov.tr/birim/35955870/35955870/2026-05-20
Kurum Yönetmeliği,,19/03/2010,-,Bulunamad?,https://kms.kaysis.gov.tr/Home/Goster/39553,https://detsis.gov.tr/birim/35955870/35955870/2026-05-20
Kurum Yönetmeliği,,10/12/2015,-,Bulunamad?,https://kms.kaysis.gov.tr/Home/Goster/68164,https://detsis.gov.tr/birim/35955870/35955870/2026-05-20
Kurum Yönetmeliği,,29/07/2001,-,Bulunamad?,https://kms.kaysis.gov.tr/Home/Goster/35831,https://detsis.gov.tr/birim/35955870/35955870/2026-05-20
Kurum Yönetmeliği,,03/07/2016,-,Bulunamad?,https://kms.kaysis.gov.tr/Home/Goster/72230,https://detsis.gov.tr/birim/35955870/35955870/2026-05-20
Kurum Yönetmeliği,,03/07/2016,-,Bulunamad?,https://kms.kaysis.gov.tr/Home/Goster/74941,https://detsis.gov.tr/birim/35955870/35955870/2026-05-20
Kurum Yönetmeliği,,02/01/1997,-,Bulunamad?,https://kms.kaysis.gov.tr/Home/Goster/35832,https://detsis.gov.tr/birim/35955870/35955870/2026-05-20
Esas ve Usuller,,-,-,Bulunamad?,https://kms.kaysis.gov.tr/Home/Goster/147124,https://detsis.gov.tr/birim/35955870/35955870/2026-05-20
Esas ve Usuller,,-,-,Bulunamad?,https://kms.kaysis.gov.tr/Home/Goster/141283,https://detsis.gov.tr/birim/35955870/35955870/2026-05-20
Esas ve Usuller,,-,-,Bulunamad?,https://kms.kaysis.gov.tr/Home/Goster/198928,https://detsis.gov.tr/birim/35955870/35955870/2026-05-20
Esas ve Usuller,,-,-,Bulunamad?,https://kms.kaysis.gov.tr/Home/Goster/208710,https://detsis.gov.tr/birim/35955870/35955870/2026-05-20
Esas ve Usuller,,-,-,Bulunamad?,https://kms.kaysis.gov.tr/Home/Goster/207481,https://detsis.gov.tr/birim/35955870/35955870/2026-05-20
Esas ve Usuller,,-,-,Bulunamad?,https://kms.kaysis.gov.tr/Home/Goster/203360,https://detsis.gov.tr/birim/35955870/35955870/2026-05-20
Esas ve Usuller,,-,-,Bulunamad?,https://kms.kaysis.gov.tr/Home/Goster/200383,https://detsis.gov.tr/birim/35955870/35955870/2026-05-20
Esas ve Usuller,,-,-,Bulunamad?,https://kms.kaysis.gov.tr/Home/Goster/64456,https://detsis.gov.tr/birim/35955870/35955870/2026-05-20
Esas ve Usuller,,-,-,Bulunamad?,https://kms.kaysis.gov.tr/Home/Goster/170512,https://detsis.gov.tr/birim/35955870/35955870/2026-05-20
Esas ve Usuller,,-,-,Bulunamad?,https://kms.kaysis.gov.tr/Home/Goster/208407,https://detsis.gov.tr/birim/35955870/35955870/2026-05-20
Esas ve Usuller,,-,-,Bulunamad?,https://kms.kaysis.gov.tr/Home/Goster/64491,https://detsis.gov.tr/birim/35955870/35955870/2026-05-20
Esas ve Usuller,,-,-,Bulunamad?,https://kms.kaysis.gov.tr/Home/Goster/203362,https://detsis.gov.tr/birim/35955870/35955870/2026-05-20
Esas ve Usuller,,-,-,Bulunamad?,https://kms.kaysis.gov.tr/Home/Goster/208172,https://detsis.gov.tr/birim/35955870/35955870/2026-05-20
Esas ve Usuller,,-,-,Bulunamad?,https://kms.kaysis.gov.tr/Home/Goster/177040,https://detsis.gov.tr/birim/35955870/35955870/2026-05-20
Esas ve Usuller,,-,-,Bulunamad?,https://kms.kaysis.gov.tr/Home/Goster/150586,https://detsis.gov.tr/birim/35955870/35955870/2026-05-20
Esas ve Usuller,,-,-,Bulunamad?,https://kms.kaysis.gov.tr/Home/Goster/196259,https://detsis.gov.tr/birim/35955870/35955870/2026-05-20
Esas ve Usuller,,-,-,Bulunamad?,https://kms.kaysis.gov.tr/Home/Goster/75767,https://detsis.gov.tr/birim/35955870/35955870/2026-05-20
Esas ve Usuller,,-,-,Bulunamad?,https://kms.kaysis.gov.tr/Home/Goster/203365,https://detsis.gov.tr/birim/35955870/35955870/2026-05-20
Esas ve Usuller,,-,-,Bulunamad?,https://kms.kaysis.gov.tr/Home/Goster/203366,https://detsis.gov.tr/birim/35955870/35955870/2026-05-20
Esas ve Usuller,,-,-,Bulunamad?,https://kms.kaysis.gov.tr/Home/Goster/168715,https://detsis.gov.tr/birim/35955870/35955870/2026-05-20
Esas ve Usuller,,-,-,Bulunamad?,https://kms.kaysis.gov.tr/Home/Goster/193631,https://detsis.gov.tr/birim/35955870/35955870/2026-05-20
Esas ve Usuller,,-,-,Bulunamad?,https://kms.kaysis.gov.tr/Home/Goster/206836,https://detsis.gov.tr/birim/35955870/35955870/2026-05-20
Esas ve Usuller,,-,-,Bulunamad?,https://kms.kaysis.gov.tr/Home/Goster/71968,https://detsis.gov.tr/birim/35955870/35955870/2026-05-20
Esas ve Usuller,,-,-,Bulunamad?,https://kms.kaysis.gov.tr/Home/Goster/193544,https://detsis.gov.tr/birim/35955870/35955870/2026-05-20
Yönerge,,-,-,Bulunamad?,https://kms.kaysis.gov.tr/Home/Goster/154284,https://detsis.gov.tr/birim/35955870/35955870/2026-05-20
Yönerge,,-,-,Bulunamad?,https://kms.kaysis.gov.tr/Home/Goster/157422,https://detsis.gov.tr/birim/35955870/35955870/2026-05-20
Yönerge,,-,-,Bulunamad?,https://kms.kaysis.gov.tr/Home/Goster/150587,https://detsis.gov.tr/birim/35955870/35955870/2026-05-20
Yönerge,,-,-,Bulunamad?,https://kms.kaysis.gov.tr/Home/Goster/196399,https://detsis.gov.tr/birim/35955870/35955870/2026-05-20
Yönerge,,-,-,Bulunamad?,https://kms.kaysis.gov.tr/Home/Goster/170514,https://detsis.gov.tr/birim/35955870/35955870/2026-05-20
Yönerge,,-,-,Bulunamad?,https://kms.kaysis.gov.tr/Home/Goster/155989,https://detsis.gov.tr/birim/35955870/35955870/2026-05-20
Yönerge,,-,-,Bulunamad?,https://kms.kaysis.gov.tr/Home/Goster/191172,https://detsis.gov.tr/birim/35955870/35955870/2026-05-20
Yönerge,,-,-,Bulunamad?,https://kms.kaysis.gov.tr/Home/Goster/74250,https://detsis.gov.tr/birim/35955870/35955870/2026-05-20
Yönerge,,-,-,Bulunamad?,https://kms.kaysis.gov.tr/Home/Goster/204240,https://detsis.gov.tr/birim/35955870/35955870/2026-05-20
Yönerge,,-,-,Bulunamad?,https://kms.kaysis.gov.tr/Home/Goster/104524,https://detsis.gov.tr/birim/35955870/35955870/2026-05-20
Yönerge,,-,-,Bulunamad?,https://kms.kaysis.gov.tr/Home/Goster/196258,https://detsis.gov.tr/birim/35955870/35955870/2026-05-20
Yönerge,,-,-,Bulunamad?,https://kms.kaysis.gov.tr/Home/Goster/173205,https://detsis.gov.tr/birim/35955870/35955870/2026-05-20
Yönerge,,-,-,Bulunamad?,https://kms.kaysis.gov.tr/Home/Goster/201014,https://detsis.gov.tr/birim/35955870/35955870/2026-05-20
Yönerge,,-,-,Bulunamad?,https://kms.kaysis.gov.tr/Home/Goster/199653,https://detsis.gov.tr/birim/35955870/35955870/2026-05-20
Yönerge,,-,-,Bulunamad?,https://kms.kaysis.gov.tr/Home/Goster/182906,https://detsis.gov.tr/birim/35955870/35955870/2026-05-20
Yönerge,,-,-,Bulunamad?,https://kms.kaysis.gov.tr/Home/Goster/157289,https://detsis.gov.tr/birim/35955870/35955870/2026-05-20
Yönerge,,-,-,Bulunamad?,https://kms.kaysis.gov.tr/Home/Goster/207705,https://detsis.gov.tr/birim/35955870/35955870/2026-05-20
Yönerge,,-,-,Bulunamad?,https://kms.kaysis.gov.tr/Home/Goster/95292,https://detsis.gov.tr/birim/35955870/35955870/2026-05-20
Yönerge,,-,-,Bulunamad?,https://kms.kaysis.gov.tr/Home/Goster/71967,https://detsis.gov.tr/birim/35955870/35955870/2026-05-20
Yönerge,,-,-,Bulunamad?,https://kms.kaysis.gov.tr/Home/Goster/155741,https://detsis.gov.tr/birim/35955870/35955870/2026-05-20
Yönerge,,-,-,Bulunamad?,https://kms.kaysis.gov.tr/Home/Goster/208793,https://detsis.gov.tr/birim/35955870/35955870/2026-05-20
Yönerge,,-,-,Bulunamad?,https://kms.kaysis.gov.tr/Home/Goster/203866,https://detsis.gov.tr/birim/35955870/35955870/2026-05-20
Yönerge,,-,-,Bulunamad?,https://kms.kaysis.gov.tr/Home/Goster/179898,https://detsis.gov.tr/birim/35955870/35955870/2026-05-20
Yönerge,,-,-,Bulunamad?,https://kms.kaysis.gov.tr/Home/Goster/135830,https://detsis.gov.tr/birim/35955870/35955870/2026-05-20
Yönerge,,-,-,Bulunamad?,https://kms.kaysis.gov.tr/Home/Goster/143101,https://detsis.gov.tr/birim/35955870/35955870/2026-05-20
Yönerge,,-,-,Bulunamad?,https://kms.kaysis.gov.tr/Home/Goster/95896,https://detsis.gov.tr/birim/35955870/35955870/2026-05-20
Yönerge,,-,-,Bulunamad?,https://kms.kaysis.gov.tr/Home/Goster/191633,https://detsis.gov.tr/birim/35955870/35955870/2026-05-20
Yönerge,,-,-,Bulunamad?,https://kms.kaysis.gov.tr/Home/Goster/199506,https://detsis.gov.tr/birim/35955870/35955870/2026-05-20
Yönerge,,-,-,Bulunamad?,https://kms.kaysis.gov.tr/Home/Goster/200130,https://detsis.gov.tr/birim/35955870/35955870/2026-05-20
Yönerge,,-,-,Bulunamad?,https://kms.kaysis.gov.tr/Home/Goster/198764,https://detsis.gov.tr/birim/35955870/35955870/2026-05-20
Yönerge,,-,-,Bulunamad?,https://kms.kaysis.gov.tr/Home/Goster/159389,https://detsis.gov.tr/birim/35955870/35955870/2026-05-20
Yönerge,,-,-,Bulunamad?,https://kms.kaysis.gov.tr/Home/Goster/205105,https://detsis.gov.tr/birim/35955870/35955870/2026-05-20
Yönerge,,-,-,Bulunamad?,https://kms.kaysis.gov.tr/Home/Goster/203075,https://detsis.gov.tr/birim/35955870/35955870/2026-05-20
Yönerge,,-,-,Bulunamad?,https://kms.kaysis.gov.tr/Home/Goster/151372,https://detsis.gov.tr/birim/35955870/35955870/2026-05-20
Yönerge,,-,-,Bulunamad?,https://kms.kaysis.gov.tr/Home/Goster/151180,https://detsis.gov.tr/birim/35955870/35955870/2026-05-20
Yönerge,,-,-,Bulunamad?,https://kms.kaysis.gov.tr/Home/Goster/147417,https://detsis.gov.tr/birim/35955870/35955870/2026-05-20
Yönerge,,-,-,Bulunamad?,https://kms.kaysis.gov.tr/Home/Goster/62129,https://detsis.gov.tr/birim/35955870/35955870/2026-05-20
Yönerge,,-,-,Bulunamad?,https://kms.kaysis.gov.tr/Home/Goster/128868,https://detsis.gov.tr/birim/35955870/35955870/2026-05-20
Yönerge,,-,-,Bulunamad?,https://kms.kaysis.gov.tr/Home/Goster/64509,https://detsis.gov.tr/birim/35955870/35955870/2026-05-20
Yönerge,,-,-,Bulunamad?,https://kms.kaysis.gov.tr/Home/Goster/167281,https://detsis.gov.tr/birim/35955870/35955870/2026-05-20
Yönerge,,-,-,Bulunamad?,https://kms.kaysis.gov.tr/Home/Goster/187868,https://detsis.gov.tr/birim/35955870/35955870/2026-05-20
Yönerge,,-,-,Bulunamad?,https://kms.kaysis.gov.tr/Home/Goster/163201,https://detsis.gov.tr/birim/35955870/35955870/2026-05-20
Yönerge,,-,-,Bulunamad?,https://kms.kaysis.gov.tr/Home/Goster/148793,https://detsis.gov.tr/birim/35955870/35955870/2026-05-20
Yönerge,,-,-,Bulunamad?,https://kms.kaysis.gov.tr/Home/Goster/157791,https://detsis.gov.tr/birim/35955870/35955870/2026-05-20
Yönerge,,-,-,Bulunamad?,https://kms.kaysis.gov.tr/Home/Goster/72722,https://detsis.gov.tr/birim/35955870/35955870/2026-05-20
Yönerge,,-,-,Bulunamad?,https://kms.kaysis.gov.tr/Home/Goster/159467,https://detsis.gov.tr/birim/35955870/35955870/2026-05-20
Yönerge,,-,-,Bulunamad?,https://kms.kaysis.gov.tr/Home/Goster/149253,https://detsis.gov.tr/birim/35955870/35955870/2026-05-20
Yönerge,,-,-,Bulunamad?,https://kms.kaysis.gov.tr/Home/Goster/151010,https://detsis.gov.tr/birim/35955870/35955870/2026-05-20
Yönerge,,-,-,Bulunamad?,https://kms.kaysis.gov.tr/Home/Goster/137841,https://detsis.gov.tr/birim/35955870/35955870/2026-05-20
Yönerge,,-,-,Bulunamad?,https://kms.kaysis.gov.tr/Home/Goster/137912,https://detsis.gov.tr/birim/35955870/35955870/2026-05-20
Yönerge,,-,-,Bulunamad?,https://kms.kaysis.gov.tr/Home/Goster/137840,https://detsis.gov.tr/birim/35955870/35955870/2026-05-20
Yönerge,,-,-,Bulunamad?,https://kms.kaysis.gov.tr/Home/Goster/196152,https://detsis.gov.tr/birim/35955870/35955870/2026-05-20
Yönerge,,-,-,Bulunamad?,https://kms.kaysis.gov.tr/Home/Goster/157428,https://detsis.gov.tr/birim/35955870/35955870/2026-05-20
Yönerge,,-,-,Bulunamad?,https://kms.kaysis.gov.tr/Home/Goster/200125,https://detsis.gov.tr/birim/35955870/35955870/2026-05-20
Yönerge,,-,-,Bulunamad?,https://kms.kaysis.gov.tr/Home/Goster/157424,https://detsis.gov.tr/birim/35955870/35955870/2026-05-20
Yönerge,,-,-,Bulunamad?,https://kms.kaysis.gov.tr/Home/Goster/62134,https://detsis.gov.tr/birim/35955870/35955870/2026-05-20
Yönerge,,-,-,Bulunamad?,https://kms.kaysis.gov.tr/Home/Goster/154287,https://detsis.gov.tr/birim/35955870/35955870/2026-05-20
Yönerge,,-,-,Bulunamad?,https://kms.kaysis.gov.tr/Home/Goster/160037,https://detsis.gov.tr/birim/35955870/35955870/2026-05-20
Yönerge,,-,-,Bulunamad?,https://kms.kaysis.gov.tr/Home/Goster/149254,https://detsis.gov.tr/birim/35955870/35955870/2026-05-20
Yönerge,,-,-,Bulunamad?,https://kms.kaysis.gov.tr/Home/Goster/147420,https://detsis.gov.tr/birim/35955870/35955870/2026-05-20
Yönerge,,-,-,Bulunamad?,https://kms.kaysis.gov.tr/Home/Goster/203867,https://detsis.gov.tr/birim/35955870/35955870/2026-05-20
Yönerge,,-,-,Bulunamad?,https://kms.kaysis.gov.tr/Home/Goster/206835,https://detsis.gov.tr/birim/35955870/35955870/2026-05-20
Yönerge,,-,-,Bulunamad?,https://kms.kaysis.gov.tr/Home/Goster/64430,https://detsis.gov.tr/birim/35955870/35955870/2026-05-20
Yönerge,,-,-,Bulunamad?,https://kms.kaysis.gov.tr/Home/Goster/180744,https://detsis.gov.tr/birim/35955870/35955870/2026-05-20
Yönerge,,-,-,Bulunamad?,https://kms.kaysis.gov.tr/Home/Goster/156145,https://detsis.gov.tr/birim/35955870/35955870/2026-05-20
Yönerge,,-,-,Bulunamad?,https://kms.kaysis.gov.tr/Home/Goster/202854,https://detsis.gov.tr/birim/35955870/35955870/2026-05-20
Yönerge,,-,-,Bulunamad?,https://kms.kaysis.gov.tr/Home/Goster/202853,https://detsis.gov.tr/birim/35955870/35955870/2026-05-20
Yönerge,,-,-,Bulunamad?,https://kms.kaysis.gov.tr/Home/Goster/203361,https://detsis.gov.tr/birim/35955870/35955870/2026-05-20
Yönerge,,-,-,Bulunamad?,https://kms.kaysis.gov.tr/Home/Goster/203363,https://detsis.gov.tr/birim/35955870/35955870/2026-05-20
Yönerge,,-,-,Bulunamad?,https://kms.kaysis.gov.tr/Home/Goster/203364,https://detsis.gov.tr/birim/35955870/35955870/2026-05-20
Yönerge,,-,-,Bulunamad?,https://kms.kaysis.gov.tr/Home/Goster/183672,https://detsis.gov.tr/birim/35955870/35955870/2026-05-20
Yönerge,,-,-,Bulunamad?,https://kms.kaysis.gov.tr/Home/Goster/65452,https://detsis.gov.tr/birim/35955870/35955870/2026-05-20
Yönerge,,-,-,Bulunamad?,https://kms.kaysis.gov.tr/Home/Goster/65464,https://detsis.gov.tr/birim/35955870/35955870/2026-05-20
Yönerge,,-,-,Bulunamad?,https://kms.kaysis.gov.tr/Home/Goster/82567,https://detsis.gov.tr/birim/35955870/35955870/2026-05-20
Yönerge,,-,-,Bulunamad?,https://kms.kaysis.gov.tr/Home/Goster/200124,https://detsis.gov.tr/birim/35955870/35955870/2026-05-20
Yönerge,,-,-,Bulunamad?,https://kms.kaysis.gov.tr/Home/Goster/64480,https://detsis.gov.tr/birim/35955870/35955870/2026-05-20
Yönerge,,-,-,Bulunamad?,https://kms.kaysis.gov.tr/Home/Goster/163154,https://detsis.gov.tr/birim/35955870/35955870/2026-05-20
Yönerge,,-,-,Bulunamad?,https://kms.kaysis.gov.tr/Home/Goster/146992,https://detsis.gov.tr/birim/35955870/35955870/2026-05-20
Yönerge,,-,-,Bulunamad?,https://kms.kaysis.gov.tr/Home/Goster/187250,https://detsis.gov.tr/birim/35955870/35955870/2026-05-20
Yönerge,,-,-,Bulunamad?,https://kms.kaysis.gov.tr/Home/Goster/147007,https://detsis.gov.tr/birim/35955870/35955870/2026-05-20
Yönerge,,-,-,Bulunamad?,https://kms.kaysis.gov.tr/Home/Goster/149118,https://detsis.gov.tr/birim/35955870/35955870/2026-05-20
Yönerge,,-,-,Bulunamad?,https://kms.kaysis.gov.tr/Home/Goster/157794,https://detsis.gov.tr/birim/35955870/35955870/2026-05-20
Yönerge,,-,-,Bulunamad?,https://kms.kaysis.gov.tr/Home/Goster/163153,https://detsis.gov.tr/birim/35955870/35955870/2026-05-20
Yönerge,,-,-,Bulunamad?,https://kms.kaysis.gov.tr/Home/Goster/193628,https://detsis.gov.tr/birim/35955870/35955870/2026-05-20
Yönerge,,-,-,Bulunamad?,https://kms.kaysis.gov.tr/Home/Goster/157792,https://detsis.gov.tr/birim/35955870/35955870/2026-05-20
Yönerge,,-,-,Bulunamad?,https://kms.kaysis.gov.tr/Home/Goster/64446,https://detsis.gov.tr/birim/35955870/35955870/2026-05-20
Yönerge,,-,-,Bulunamad?,https://kms.kaysis.gov.tr/Home/Goster/150688,https://detsis.gov.tr/birim/35955870/35955870/2026-05-20
Yönerge,,-,-,Bulunamad?,https://kms.kaysis.gov.tr/Home/Goster/191643,https://detsis.gov.tr/birim/35955870/35955870/2026-05-20
Yönerge,,-,-,Bulunamad?,https://kms.kaysis.gov.tr/Home/Goster/203212,https://detsis.gov.tr/birim/35955870/35955870/2026-05-20
Yönerge,,-,-,Bulunamad?,https://kms.kaysis.gov.tr/Home/Goster/73978,https://detsis.gov.tr/birim/35955870/35955870/2026-05-20
Yönerge,,-,-,Bulunamad?,https://kms.kaysis.gov.tr/Home/Goster/200018,https://detsis.gov.tr/birim/35955870/35955870/2026-05-20
Yönerge,,-,-,Bulunamad?,https://kms.kaysis.gov.tr/Home/Goster/188072,https://detsis.gov.tr/birim/35955870/35955870/2026-05-20
Yönerge,,-,-,Bulunamad?,https://kms.kaysis.gov.tr/Home/Goster/73977,https://detsis.gov.tr/birim/35955870/35955870/2026-05-20
Yönerge,,-,-,Bulunamad?,https://kms.kaysis.gov.tr/Home/Goster/207351,https://detsis.gov.tr/birim/35955870/35955870/2026-05-20
Yönerge,,-,-,Bulunamad?,https://kms.kaysis.gov.tr/Home/Goster/159851,https://detsis.gov.tr/birim/35955870/35955870/2026-05-20
Yönerge,,-,-,Bulunamad?,https://kms.kaysis.gov.tr/Home/Goster/69583,https://detsis.gov.tr/birim/35955870/35955870/2026-05-20
Yönerge,,-,-,Bulunamad?,https://kms.kaysis.gov.tr/Home/Goster/137839,https://detsis.gov.tr/birim/35955870/35955870/2026-05-20
Yönerge,,18.03.2021,-,Bulunamad?,https://kms.kaysis.gov.tr/Home/Goster/174361,https://detsis.gov.tr/birim/35955870/35955870/2026-05-20
Yönerge,,-,-,Bulunamad?,https://kms.kaysis.gov.tr/Home/Goster/203073,https://detsis.gov.tr/birim/35955870/35955870/2026-05-20
Yönerge,,-,-,Bulunamad?,https://kms.kaysis.gov.tr/Home/Goster/144137,https://detsis.gov.tr/birim/35955870/35955870/2026-05-20
Yönerge,,-,-,Bulunamad?,https://kms.kaysis.gov.tr/Home/Goster/172827,https://detsis.gov.tr/birim/35955870/35955870/2026-05-20
Yönerge,,-,-,Bulunamad?,https://kms.kaysis.gov.tr/Home/Goster/199450,https://detsis.gov.tr/birim/35955870/35955870/2026-05-20
Yönerge,,-,-,Bulunamad?,https://kms.kaysis.gov.tr/Home/Goster/198483,https://detsis.gov.tr/birim/35955870/35955870/2026-05-20
Yönerge,,-,-,Bulunamad?,https://kms.kaysis.gov.tr/Home/Goster/207697,https://detsis.gov.tr/birim/35955870/35955870/2026-05-20
Yönerge,,-,-,Bulunamad?,https://kms.kaysis.gov.tr/Home/Goster/75218,https://detsis.gov.tr/birim/35955870/35955870/2026-05-20
Yönerge,,-,-,Bulunamad?,https://kms.kaysis.gov.tr/Home/Goster/182879,https://detsis.gov.tr/birim/35955870/35955870/2026-05-20
Yönerge,,-,-,Bulunamad?,https://kms.kaysis.gov.tr/Home/Goster/184074,https://detsis.gov.tr/birim/35955870/35955870/2026-05-20
Yönerge,,-,-,Bulunamad?,https://kms.kaysis.gov.tr/Home/Goster/151182,https://detsis.gov.tr/birim/35955870/35955870/2026-05-20
Yönerge,,-,-,Bulunamad?,https://kms.kaysis.gov.tr/Home/Goster/64507,https://detsis.gov.tr/birim/35955870/35955870/2026-05-20
Yönerge,,-,-,Bulunamad?,https://kms.kaysis.gov.tr/Home/Goster/106395,https://detsis.gov.tr/birim/35955870/35955870/2026-05-20
Yönerge,,-,-,Bulunamad?,https://kms.kaysis.gov.tr/Home/Goster/183578,https://detsis.gov.tr/birim/35955870/35955870/2026-05-20
Yönerge,,-,-,Bulunamad?,https://kms.kaysis.gov.tr/Home/Goster/170515,https://detsis.gov.tr/birim/35955870/35955870/2026-05-20
Yönerge,,-,-,Bulunamad?,https://kms.kaysis.gov.tr/Home/Goster/105354,https://detsis.gov.tr/birim/35955870/35955870/2026-05-20
Yönerge,,-,-,Bulunamad?,https://kms.kaysis.gov.tr/Home/Goster/170516,https://detsis.gov.tr/birim/35955870/35955870/2026-05-20
Yönerge,,-,-,Bulunamad?,https://kms.kaysis.gov.tr/Home/Goster/150683,https://detsis.gov.tr/birim/35955870/35955870/2026-05-20
Yönerge,,-,-,Bulunamad?,https://kms.kaysis.gov.tr/Home/Goster/137997,https://detsis.gov.tr/birim/35955870/35955870/2026-05-20
Yönerge,,-,-,Bulunamad?,https://kms.kaysis.gov.tr/Home/Goster/183549,https://detsis.gov.tr/birim/35955870/35955870/2026-05-20
Yönerge,,-,-,Bulunamad?,https://kms.kaysis.gov.tr/Home/Goster/163155,https://detsis.gov.tr/birim/35955870/35955870/2026-05-20
Yönerge,,-,-,Bulunamad?,https://kms.kaysis.gov.tr/Home/Goster/200164,https://detsis.gov.tr/birim/35955870/35955870/2026-05-20
Yönerge,,-,-,Bulunamad?,https://kms.kaysis.gov.tr/Home/Goster/203074,https://detsis.gov.tr/birim/35955870/35955870/2026-05-20
Yönerge,,-,-,Bulunamad?,https://kms.kaysis.gov.tr/Home/Goster/147114,https://detsis.gov.tr/birim/35955870/35955870/2026-05-20
Yönerge,,-,-,Bulunamad?,https://kms.kaysis.gov.tr/Home/Goster/95291,https://detsis.gov.tr/birim/35955870/35955870/2026-05-20
Yönerge,,-,-,Bulunamad?,https://kms.kaysis.gov.tr/Home/Goster/203188,https://detsis.gov.tr/birim/35955870/35955870/2026-05-20
Yönerge,,-,-,Bulunamad?,https://kms.kaysis.gov.tr/Home/Goster/147491,https://detsis.gov.tr/birim/35955870/35955870/2026-05-20
Yönerge,,-,-,Bulunamad?,https://kms.kaysis.gov.tr/Home/Goster/200384,https://detsis.gov.tr/birim/35955870/35955870/2026-05-20
Yönerge,,-,-,Bulunamad?,https://kms.kaysis.gov.tr/Home/Goster/64497,https://detsis.gov.tr/birim/35955870/35955870/2026-05-20
Yönerge,,-,-,Bulunamad?,https://kms.kaysis.gov.tr/Home/Goster/151461,https://detsis.gov.tr/birim/35955870/35955870/2026-05-20
Yönerge,,-,-,Bulunamad?,https://kms.kaysis.gov.tr/Home/Goster/160036,https://detsis.gov.tr/birim/35955870/35955870/2026-05-20
Yönerge,,-,-,Bulunamad?,https://kms.kaysis.gov.tr/Home/Goster/168714,https://detsis.gov.tr/birim/35955870/35955870/2026-05-20
Yönerge,,06.03.2017,-,Bulunamad?,https://kms.kaysis.gov.tr/Home/Goster/103978,https://detsis.gov.tr/birim/35955870/35955870/2026-05-20
Yönerge,,-,-,Bulunamad?,https://kms.kaysis.gov.tr/Home/Goster/200123,https://detsis.gov.tr/birim/35955870/35955870/2026-05-20
Yönerge,,-,-,Bulunamad?,https://kms.kaysis.gov.tr/Home/Goster/128871,https://detsis.gov.tr/birim/35955870/35955870/2026-05-20
Yönerge,,-,-,Bulunamad?,https://kms.kaysis.gov.tr/Home/Goster/156144,https://detsis.gov.tr/birim/35955870/35955870/2026-05-20
Yönerge,,-,-,Bulunamad?,https://kms.kaysis.gov.tr/Home/Goster/74730,https://detsis.gov.tr/birim/35955870/35955870/2026-05-20
Yönerge,,-,-,Bulunamad?,https://kms.kaysis.gov.tr/Home/Goster/209004,https://detsis.gov.tr/birim/35955870/35955870/2026-05-20
Yönerge,,-,-,Bulunamad?,https://kms.kaysis.gov.tr/Home/Goster/159150,https://detsis.gov.tr/birim/35955870/35955870/2026-05-20
Yönerge,,-,-,Bulunamad?,https://kms.kaysis.gov.tr/Home/Goster/149327,https://detsis.gov.tr/birim/35955870/35955870/2026-05-20
Yönerge,,-,-,Bulunamad?,https://kms.kaysis.gov.tr/Home/Goster/155759,https://detsis.gov.tr/birim/35955870/35955870/2026-05-20
Yönerge,,-,-,Bulunamad?,https://kms.kaysis.gov.tr/Home/Goster/193629,https://detsis.gov.tr/birim/35955870/35955870/2026-05-20
Yönerge,,-,-,Bulunamad?,https://kms.kaysis.gov.tr/Home/Goster/203217,https://detsis.gov.tr/birim/35955870/35955870/2026-05-20
Yönerge,,-,-,Bulunamad?,https://kms.kaysis.gov.tr/Home/Goster/207352,https://detsis.gov.tr/birim/35955870/35955870/2026-05-20
Yönerge,,-,-,Bulunamad?,https://kms.kaysis.gov.tr/Home/Goster/82356,https://detsis.gov.tr/birim/35955870/35955870/2026-05-20
Yönerge,,-,-,Bulunamad?,https://kms.kaysis.gov.tr/Home/Goster/159466,https://detsis.gov.tr/birim/35955870/35955870/2026-05-20
Yönerge,,-,-,Bulunamad?,https://kms.kaysis.gov.tr/Home/Goster/64448,https://detsis.gov.tr/birim/35955870/35955870/2026-05-20
Yönerge,,-,-,Bulunamad?,https://kms.kaysis.gov.tr/Home/Goster/180069,https://detsis.gov.tr/birim/35955870/35955870/2026-05-20
Yönerge,,-,-,Bulunamad?,https://kms.kaysis.gov.tr/Home/Goster/157423,https://detsis.gov.tr/birim/35955870/35955870/2026-05-20
Yönerge,,-,-,Bulunamad?,https://kms.kaysis.gov.tr/Home/Goster/163331,https://detsis.gov.tr/birim/35955870/35955870/2026-05-20
Yönerge,,-,-,Bulunamad?,https://kms.kaysis.gov.tr/Home/Goster/193545,https://detsis.gov.tr/birim/35955870/35955870/2026-05-20
Yönerge,,-,-,Bulunamad?,https://kms.kaysis.gov.tr/Home/Goster/62119,https://detsis.gov.tr/birim/35955870/35955870/2026-05-20
Yönerge,,-,-,Bulunamad?,https://kms.kaysis.gov.tr/Home/Goster/179505,https://detsis.gov.tr/birim/35955870/35955870/2026-05-20
İlke Kararı,,-,-,Bulunamad?,https://kms.kaysis.gov.tr/Home/Goster/74732,https://detsis.gov.tr/birim/35955870/35955870/2026-05-20
İlke Kararı,,-,-,Bulunamad?,https://kms.kaysis.gov.tr/Home/Goster/207704,https://detsis.gov.tr/birim/35955870/35955870/2026-05-20
